Resource_ID,Resource_Type,Resource_Name,Region,Event_time,User_name,Event_name,account_id,delta,Request_ID,Type,Creation_Date
,,logs.amazonaws.com,us-east-1,2024-01-01T12:03:14Z,vishal,DescribeMetricFilters,505227143833.0,{'limit': 50},d30353c7-4b7e-4058-9cc1-b28bbe83a6be,IAMUser,2024-01-01T04:30:57Z
,,logs.amazonaws.com,us-east-1,2024-01-01T12:03:14Z,vishal,DescribeMetricFilters,505227143833.0,{'limit': 50},f47d5175-7bf6-40d4-901f-4bd686b712e0,IAMUser,2024-01-01T04:30:57Z
,,health.amazonaws.com,us-east-1,2024-01-01T12:03:16Z,vishal,DescribeEventAggregates,505227143833.0,"{'filter': {'startTimes': [{'from': 'Dec 25, 2023, 12:03:16 PM'}], 'eventStatusCodes': ['open', 'upcoming']}, 'aggregateField': 'eventTypeCategory'}",8b9849d9-044a-4438-9db0-0b65f8900a6a,IAMUser,2024-01-01T04:30:57Z
,['AWS::S3::Bucket'],s3.amazonaws.com,us-east-1,2024-01-01T12:03:27Z,,GetBucketAcl,,"{'bucketName': 'aws-cloudtrail-logs-505227143833-79ef5c19', 'Host': 'aws-cloudtrail-logs-505227143833-79ef5c19.s3.us-east-1.amazonaws.com', 'acl': ''}",753AJ054K00T82HC,AWSService,
,,health.amazonaws.com,us-east-1,2024-01-01T12:03:16Z,vishal,DescribeEventAggregates,505227143833.0,"{'aggregateField': 'eventTypeCategory', 'filter': {'eventStatusCodes': ['open', 'upcoming'], 'startTimes': [{'from': 'Dec 25, 2023 12:03:16 PM'}]}}",8b9849d9-044a-4438-9db0-0b65f8900a6a,IAMUser,2024-01-01T04:30:57Z
,,health.amazonaws.com,us-east-1,2024-01-01T12:03:26Z,vishal,DescribeEventAggregates,505227143833.0,"{'aggregateField': 'eventTypeCategory', 'filter': {'eventStatusCodes': ['open', 'upcoming'], 'startTimes': [{'from': 'Dec 25, 2023 12:03:26 PM'}]}}",7044b102-d7e0-49f4-80e2-38432ae7d2af,IAMUser,2024-01-01T04:30:57Z
,,health.amazonaws.com,us-east-1,2024-01-01T12:03:26Z,vishal,DescribeEventAggregates,505227143833.0,"{'aggregateField': 'eventTypeCategory', 'filter': {'eventStatusCodes': ['open', 'upcoming'], 'startTimes': [{'from': 'Dec 25, 2023 12:03:26 PM'}]}}",049b07ba-a8fe-4583-9fb0-6f81c070811b,IAMUser,2024-01-01T04:30:57Z
,,health.amazonaws.com,us-east-1,2024-01-01T12:03:27Z,vishal,DescribeEventAggregates,505227143833.0,"{'aggregateField': 'eventTypeCategory', 'filter': {'eventStatusCodes': ['open', 'upcoming'], 'startTimes': [{'from': 'Dec 25, 2023 12:03:27 PM'}]}}",08a50ac4-fd60-45b3-a101-4206eacf0976,IAMUser,2024-01-01T04:30:57Z
,,health.amazonaws.com,us-east-1,2024-01-01T12:03:23Z,vishal,DescribeEventAggregates,505227143833.0,"{'filter': {'startTimes': [{'from': 'Dec 25, 2023, 12:03:23 PM'}], 'eventStatusCodes': ['open', 'upcoming']}, 'aggregateField': 'eventTypeCategory'}",6934cb28-5a68-48d5-aa7f-b47c710b1f19,IAMUser,2024-01-01T04:30:57Z
,,logs.amazonaws.com,us-east-1,2024-01-01T12:03:35Z,,CreateLogStream,505227143833.0,"{'logGroupName': '/aws/lambda/CloudTrail-testing-lambda', 'logStreamName': '2024/01/01/[$LATEST]a6857a0fb70243e180c9da535e59627f'}",a164c93f-6473-44f6-8a9a-bc3fa2b8561c,AssumedRole,2024-01-01T12:03:28Z
,['AWS::S3::Bucket'],s3.amazonaws.com,us-east-1,2024-01-01T12:05:50Z,,GetBucketAcl,,"{'bucketName': 'aws-cloudtrail-logs-505227143833-79ef5c19', 'Host': 'aws-cloudtrail-logs-505227143833-79ef5c19.s3.us-east-1.amazonaws.com', 'acl': ''}",J7VWD8D9Y8N3M09B,AWSService,
,,health.amazonaws.com,us-east-1,2024-01-01T12:08:24Z,vishal,DescribeEventAggregates,505227143833.0,"{'filter': {'startTimes': [{'from': 'Dec 25, 2023, 12:08:24 PM'}], 'eventStatusCodes': ['open', 'upcoming']}, 'aggregateField': 'eventTypeCategory'}",75f1a05a-da0f-4b28-a8de-2ed6d87377f9,IAMUser,2024-01-01T04:30:57Z
NA,['AWS::IAM::Role'],sts.amazonaws.com,us-east-1,2024-01-02T10:01:38Z,NA,AssumeRole,NA,"{'roleArn': 'arn:aws:iam::505227143833:role/cloudtrail-lambda-role', 'roleSessionName': 'CloudTrail-testing-lambda'}",aa4aae09-03cf-43d0-a9fe-7aa353067923,AWSService,NA
NA,NA,lambda.amazonaws.com,us-east-1,2024-01-02T10:01:34Z,vishal,GetFunction20150331v2,505227143833,"{'functionName': 'CloudTrail-testing-lambda', 'qualifier': '$LATEST'}",12fb558e-117f-47ed-a78e-8fd64bf95062,IAMUser,2024-01-02T04:31:52Z
NA,NA,lambda.amazonaws.com,us-east-1,2024-01-02T10:01:36Z,vishal,GetFunction20150331v2,505227143833,{'functionName': 'CloudTrail-testing-lambda'},93ee2326-f247-445d-ab7e-8c3d2fa394e4,IAMUser,2024-01-02T04:31:52Z
NA,NA,lambda.amazonaws.com,us-east-1,2024-01-02T10:01:35Z,vishal,GetFunction20150331v2,505227143833,{'functionName': 'CloudTrail-testing-lambda'},cc73531f-d4fa-4c68-a4c9-913235647c3b,IAMUser,2024-01-02T04:31:52Z
NA,['AWS::S3::Bucket'],s3.amazonaws.com,us-east-1,2024-01-02T10:01:45Z,NA,GetBucketAcl,NA,"{'bucketName': 'aws-cloudtrail-logs-505227143833-79ef5c19', 'Host': 'aws-cloudtrail-logs-505227143833-79ef5c19.s3.us-east-1.amazonaws.com', 'acl': ''}",YW06GFJ3BMFTKV3B,AWSService,NA
NA,['AWS::Logs::LogStream'],logs.amazonaws.com,us-east-1,2024-01-02T10:01:57Z,vishal,GetLogEvents,505227143833,"{'logGroupName': '/aws/lambda/CloudTrail-testing-lambda', 'logStreamName': '2024/01/02/[$LATEST]03f36a09981248a987da63bd8a494085', 'nextToken': 'f/38004700418785426237021329158500693087460725260847874141/s', 'limit': 200, 'startFromHead': True, 'unmask': False}",28283143-59dc-49e5-a732-efe52a130c7d,IAMUser,2024-01-02T04:31:52Z
NA,['AWS::Logs::LogStream'],logs.amazonaws.com,us-east-1,2024-01-02T10:01:57Z,vishal,GetLogEvents,505227143833,"{'logGroupName': '/aws/lambda/CloudTrail-testing-lambda', 'logStreamName': '2024/01/02/[$LATEST]03f36a09981248a987da63bd8a494085', 'nextToken': 'b/38004693568665523602309579824271895680170702947401859072/s', 'limit': 200, 'startFromHead': False, 'unmask': False}",509a9fb0-ec5d-4ace-a57a-eb47c9dae05a,IAMUser,2024-01-02T04:31:52Z
NA,NA,lambda.amazonaws.com,us-east-1,2024-01-02T10:01:35Z,vishal,GetRuntimeManagementConfig,505227143833,{'functionName': 'arn:aws:lambda:us-east-1:505227143833:function:CloudTrail-testing-lambda'},29711d66-89ef-4534-a371-2bc8fb11639f,IAMUser,2024-01-02T04:31:52Z
NA,NA,logs.amazonaws.com,us-east-1,2024-01-02T10:01:53Z,vishal,ListAnomalies,505227143833,{'limit': 50},695a5db3-b475-44fd-a0e3-1e871a6f5cfe,IAMUser,2024-01-02T04:31:52Z
NA,['AWS::Logs::LogGroup'],logs.amazonaws.com,us-east-1,2024-01-02T10:01:54Z,vishal,DescribeLogStreams,505227143833,"{'logGroupName': '/aws/lambda/CloudTrail-testing-lambda', 'orderBy': 'LastEventTime', 'descending': True, 'limit': 50, 'filterExpiredLogStreams': True}",2d564214-6cea-43b9-9031-c7967d261b73,IAMUser,2024-01-02T04:31:52Z
NA,['AWS::Logs::LogGroup'],logs.amazonaws.com,us-east-1,2024-01-02T10:01:54Z,vishal,DescribeLogStreams,505227143833,"{'logGroupName': '/aws/lambda/CloudTrail-testing-lambda', 'orderBy': 'LastEventTime', 'descending': True, 'nextToken': 'Kwfr0bfVKkYk4OrYazFRiRQjd_hnL-H2CVPwxeAZeONaN-fCIlTZhCQvH3pZjf9fyVgyeeon9wgnsJe4a7cmr27UaJ8xuT-p8Lg4ULlP61vOQYllBmG2qNqqVfT7XIwSGQ6BMDkMwaXBrfIeSxy827DrrNSon0Wz8oLWFSf99xmATC_ZsmvZ3FC9R-ixRxdAU5YnIeb7xc0wyXOVp1p6Ts71Ri6Q6dWbOEi6H5GwFWWjFPhKtJwKXR1Y0Zc9mucIc7OHf2TktEzfYLq8SSyItCHdqt5foSMgdhtIw6mMLVWbnHzveYz4Pn6ZozagBdXG_D_6vb3wDNRy5uJaR7weCaE2C2eAZri_q0C10MvviCPzckW9cVIAmYPSWRM-DBUYmV1IGHlRxExM5VNOWYjDUTJHPjtHwYB4hSMoGFEFZAg', 'limit': 50, 'filterExpiredLogStreams': True}",0409cb5f-3d7b-459a-9382-03e8e098fd52,IAMUser,2024-01-02T04:31:52Z
NA,NA,logs.amazonaws.com,us-east-1,2024-01-02T10:01:42Z,NA,CreateLogStream,505227143833,"{'logGroupName': '/aws/lambda/CloudTrail-testing-lambda', 'logStreamName': '2024/01/02/[$LATEST]03f36a09981248a987da63bd8a494085'}",a30d6f5d-a0f5-4664-82c8-3faa152ca3a5,AssumedRole,2024-01-02T10:01:38Z
NA,NA,logs.amazonaws.com,us-east-1,2024-01-02T10:01:53Z,vishal,ListLogAnomalyDetectors,505227143833,,78d6818e-0551-43f6-8107-f3ec63ee9310,IAMUser,2024-01-02T04:31:52Z
NA,['AWS::Logs::LogGroup'],logs.amazonaws.com,us-east-1,2024-01-02T10:01:54Z,vishal,DescribeLogStreams,505227143833,"{'logGroupName': '/aws/lambda/CloudTrail-testing-lambda', 'orderBy': 'LastEventTime', 'descending': True, 'limit': 50, 'filterExpiredLogStreams': True}",73a598d1-9509-46b9-b33e-00fa44205d3d,IAMUser,2024-01-02T04:31:52Z
NA,['AWS::Logs::LogGroup'],logs.amazonaws.com,us-east-1,2024-01-02T10:01:54Z,vishal,DescribeLogStreams,505227143833,"{'logGroupName': '/aws/lambda/CloudTrail-testing-lambda', 'orderBy': 'LastEventTime', 'descending': True, 'nextToken': 'Kwfr0bfVKkYk4OrYazFRiRQjd_hnL-H2CVPwxeAZeONaN-fCIlTZhCQvH3pZjf9fyVgyeeon9wgnsJe4a7cmr27UaJ8xuT-p8Lg4ULlP61vOQYllBmG2qNqqVfT7XIwSGQ6BMDkMwaXBrfIeSxy827DrrNSon0Wz8oLWFSf99xmATC_ZsmvZ3FC9R-ixRxdAU5YnIeb7xc0wyXOVp1p6Ts71Ri6Q6dWbOEi6H5GwFWWjFPhKtJwKXR1Y0Zc9mucIc7OHf2TktEzfYLq8SSyItCHdqt5foSMgdhtIw6mMLVWbnHzveYz4Pn6ZozagBdXG_D_6vb3wDNRy5uJaR7weCaE2C2eAZri_q0C10MvviCPzckW9cVIAmYPSWRM-DBUYmV1IGHlRxExM5VNOWYjDUTJHPjtHwYB4hSMoGFEFZAg', 'limit': 50, 'filterExpiredLogStreams': True}",d95c850f-41e4-4c1b-9ada-cf1651aa0426,IAMUser,2024-01-02T04:31:52Z
NA,['AWS::Logs::LogStream'],logs.amazonaws.com,us-east-1,2024-01-02T10:01:56Z,vishal,GetLogEvents,505227143833,"{'logGroupName': '/aws/lambda/CloudTrail-testing-lambda', 'logStreamName': '2024/01/02/[$LATEST]03f36a09981248a987da63bd8a494085', 'startTime': 1704103302549, 'limit': 200, 'startFromHead': True, 'unmask': False}",19ad1bc1-d058-4b7e-8c8e-0508499fe791,IAMUser,2024-01-02T04:31:52Z
NA,['AWS::Logs::LogStream'],logs.amazonaws.com,us-east-1,2024-01-02T10:01:57Z,vishal,GetLogEvents,505227143833,"{'logGroupName': '/aws/lambda/CloudTrail-testing-lambda', 'logStreamName': '2024/01/02/[$LATEST]03f36a09981248a987da63bd8a494085', 'nextToken': 'b/38004700258889083163556761218168079980160286579067256832/s', 'limit': 200, 'startFromHead': False, 'unmask': False}",f9a5cd83-ae68-4cc0-afb3-53bb30a0e036,IAMUser,2024-01-02T04:31:52Z
NA,['AWS::Logs::LogStream'],logs.amazonaws.com,us-east-1,2024-01-02T10:01:57Z,vishal,GetLogEvents,505227143833,"{'logGroupName': '/aws/lambda/CloudTrail-testing-lambda', 'logStreamName': '2024/01/02/[$LATEST]03f36a09981248a987da63bd8a494085', 'nextToken': 'f/38004700418796576607560355521368640885794423605571846143/s', 'limit': 200, 'startFromHead': True, 'unmask': False}",ac009755-3108-4aef-a159-f7013761221a,IAMUser,2024-01-02T04:31:52Z
NA,['AWS::Logs::LogStream'],logs.amazonaws.com,us-east-1,2024-01-02T10:01:58Z,vishal,GetLogEvents,505227143833,"{'logGroupName': '/aws/lambda/CloudTrail-testing-lambda', 'logStreamName': '2024/01/02/[$LATEST]03f36a09981248a987da63bd8a494085', 'nextToken': 'b/38004693568665523602309579824271895680170702947401859072', 'limit': 200, 'startFromHead': False, 'unmask': False}",0afa3775-5afb-4b4d-8dfe-96a58a9dd1be,IAMUser,2024-01-02T04:31:52Z
NA,NA,logs.amazonaws.com,us-east-1,2024-01-02T10:01:53Z,vishal,DescribeLogGroups,505227143833,"{'accountId': '505227143833', 'logGroupNamePrefix': '/aws/lambda/CloudTrail-testing-lambda', 'showSubscriptionDestinations': True}",e74bff87-d495-420b-9d03-6d38df3390fe,IAMUser,2024-01-02T04:31:52Z
NA,NA,health.amazonaws.com,us-east-1,2024-01-02T10:03:03Z,NA,DescribeEventAggregates,505227143833,"{'aggregateField': 'eventTypeCategory', 'filter': {'eventStatusCodes': ['open', 'upcoming'], 'startTimes': [{'from': 'Dec 26, 2023 10:03:03 AM'}]}}",be51ab58-5bee-4467-9f7d-a0a24db04eff,Root,2024-01-02T05:57:18Z
NA,NA,health.amazonaws.com,us-east-1,2024-01-02T10:03:03Z,NA,DescribeEventAggregates,505227143833,"{'aggregateField': 'eventTypeCategory', 'filter': {'eventStatusCodes': ['open', 'upcoming'], 'startTimes': [{'from': 'Dec 26, 2023 10:03:03 AM'}]}}",d0901362-28ce-490c-9c30-7e9e7e015f7a,Root,2024-01-02T05:57:18Z
NA,NA,logs.amazonaws.com,us-east-1,2024-01-02T10:03:14Z,vishal,DescribeMetricFilters,505227143833,{'limit': 50},6e62f6ab-aa44-41ca-a77e-0cdc147cb508,IAMUser,2024-01-02T04:31:52Z
NA,NA,health.amazonaws.com,us-east-1,2024-01-02T10:03:03Z,NA,DescribeEventAggregates,505227143833,"{'filter': {'startTimes': [{'from': 'Dec 26, 2023, 10:03:03 AM'}], 'eventStatusCodes': ['open', 'upcoming']}, 'aggregateField': 'eventTypeCategory'}",d0901362-28ce-490c-9c30-7e9e7e015f7a,Root,2024-01-02T05:57:18Z
NA,NA,health.amazonaws.com,us-east-1,2024-01-02T10:03:03Z,NA,DescribeEventAggregates,505227143833,"{'filter': {'startTimes': [{'from': 'Dec 26, 2023, 10:03:03 AM'}], 'eventStatusCodes': ['open', 'upcoming']}, 'aggregateField': 'eventTypeCategory'}",be51ab58-5bee-4467-9f7d-a0a24db04eff,Root,2024-01-02T05:57:18Z
NA,NA,health.amazonaws.com,us-east-1,2024-01-02T10:03:18Z,vishal,DescribeEventAggregates,505227143833,"{'filter': {'startTimes': [{'from': 'Dec 26, 2023, 10:03:18 AM'}], 'eventStatusCodes': ['open', 'upcoming']}, 'aggregateField': 'eventTypeCategory'}",9d36aad5-a94c-472f-9e9e-748e8f2292b0,IAMUser,2024-01-02T04:31:52Z
NA,NA,health.amazonaws.com,us-east-1,2024-01-02T10:03:17Z,vishal,DescribeEventAggregates,505227143833,"{'aggregateField': 'eventTypeCategory', 'filter': {'eventStatusCodes': ['open', 'upcoming'], 'startTimes': [{'from': 'Dec 26, 2023 10:03:17 AM'}]}}",18ea2be0-bb12-4f51-9895-f12757e4decf,IAMUser,2024-01-02T04:31:52Z
NA,NA,health.amazonaws.com,us-east-1,2024-01-02T10:03:19Z,vishal,DescribeEventAggregates,505227143833,"{'aggregateField': 'eventTypeCategory', 'filter': {'eventStatusCodes': ['open', 'upcoming'], 'startTimes': [{'from': 'Dec 26, 2023 10:03:18 AM'}]}}",8076d0ab-ec10-4a9e-b13b-d516ac00d250,IAMUser,2024-01-02T04:31:52Z
NA,NA,health.amazonaws.com,us-east-1,2024-01-02T10:03:17Z,vishal,DescribeEventAggregates,505227143833,"{'filter': {'startTimes': [{'from': 'Dec 26, 2023, 10:03:17 AM'}], 'eventStatusCodes': ['open', 'upcoming']}, 'aggregateField': 'eventTypeCategory'}",aa60eab2-22dd-474f-8096-ddae9356f4cb,IAMUser,2024-01-02T04:31:52Z
NA,NA,health.amazonaws.com,us-east-1,2024-01-02T10:03:18Z,vishal,DescribeEventAggregates,505227143833,"{'aggregateField': 'eventTypeCategory', 'filter': {'eventStatusCodes': ['open', 'upcoming'], 'startTimes': [{'from': 'Dec 26, 2023 10:03:18 AM'}]}}",9d36aad5-a94c-472f-9e9e-748e8f2292b0,IAMUser,2024-01-02T04:31:52Z
NA,NA,health.amazonaws.com,us-east-1,2024-01-02T10:03:27Z,vishal,DescribeEventAggregates,505227143833,"{'aggregateField': 'eventTypeCategory', 'filter': {'eventStatusCodes': ['open', 'upcoming'], 'startTimes': [{'from': 'Dec 26, 2023 10:03:26 AM'}]}}",c5619363-3d77-4fa6-93d8-e05a7ee7dad9,IAMUser,2024-01-02T04:31:52Z
NA,NA,health.amazonaws.com,us-east-1,2024-01-02T10:03:17Z,vishal,DescribeEventAggregates,505227143833,"{'aggregateField': 'eventTypeCategory', 'filter': {'eventStatusCodes': ['open', 'upcoming'], 'startTimes': [{'from': 'Dec 26, 2023 10:03:17 AM'}]}}",aa60eab2-22dd-474f-8096-ddae9356f4cb,IAMUser,2024-01-02T04:31:52Z
NA,['AWS::S3::Bucket'],s3.amazonaws.com,us-east-1,2024-01-02T10:03:31Z,NA,GetBucketAcl,NA,"{'bucketName': 'aws-cloudtrail-logs-505227143833-79ef5c19', 'Host': 'aws-cloudtrail-logs-505227143833-79ef5c19.s3.us-east-1.amazonaws.com', 'acl': ''}",025W2G75JKDKYYQZ,AWSService,NA
NA,['AWS::S3::Bucket'],s3.amazonaws.com,us-east-1,2024-01-02T10:03:09Z,NA,GetBucketAcl,NA,"{'bucketName': 'aws-cloudtrail-logs-505227143833-79ef5c19', 'Host': 'aws-cloudtrail-logs-505227143833-79ef5c19.s3.us-east-1.amazonaws.com', 'acl': ''}",K5X3TJ3VRQYM7CDP,AWSService,NA
NA,NA,health.amazonaws.com,us-east-1,2024-01-02T10:03:17Z,vishal,DescribeEventAggregates,505227143833,"{'filter': {'startTimes': [{'from': 'Dec 26, 2023, 10:03:17 AM'}], 'eventStatusCodes': ['open', 'upcoming']}, 'aggregateField': 'eventTypeCategory'}",18ea2be0-bb12-4f51-9895-f12757e4decf,IAMUser,2024-01-02T04:31:52Z
NA,NA,health.amazonaws.com,us-east-1,2024-01-02T10:03:19Z,vishal,DescribeEventAggregates,505227143833,"{'filter': {'startTimes': [{'from': 'Dec 26, 2023, 10:03:18 AM'}], 'eventStatusCodes': ['open', 'upcoming']}, 'aggregateField': 'eventTypeCategory'}",8076d0ab-ec10-4a9e-b13b-d516ac00d250,IAMUser,2024-01-02T04:31:52Z
NA,NA,health.amazonaws.com,us-east-1,2024-01-02T10:03:30Z,vishal,DescribeEventAggregates,505227143833,"{'aggregateField': 'eventTypeCategory', 'filter': {'eventStatusCodes': ['open', 'upcoming'], 'startTimes': [{'from': 'Dec 26, 2023 10:03:30 AM'}]}}",437d36b9-a750-4de7-91c1-3610b06a5925,IAMUser,2024-01-02T04:31:52Z
NA,NA,health.amazonaws.com,us-east-1,2024-01-02T10:03:30Z,vishal,DescribeEventAggregates,505227143833,"{'filter': {'startTimes': [{'from': 'Dec 26, 2023, 10:03:30 AM'}], 'eventStatusCodes': ['open', 'upcoming']}, 'aggregateField': 'eventTypeCategory'}",437d36b9-a750-4de7-91c1-3610b06a5925,IAMUser,2024-01-02T04:31:52Z
NA,NA,health.amazonaws.com,us-east-1,2024-01-02T10:03:35Z,vishal,DescribeEventAggregates,505227143833,"{'filter': {'startTimes': [{'from': 'Dec 26, 2023, 10:03:35 AM'}], 'eventStatusCodes': ['open', 'upcoming']}, 'aggregateField': 'eventTypeCategory'}",b659cf1a-93bf-43ca-96bc-3621c9f5d483,IAMUser,2024-01-02T04:31:52Z
NA,NA,health.amazonaws.com,us-east-1,2024-01-02T10:03:40Z,vishal,DescribeEventAggregates,505227143833,"{'aggregateField': 'eventTypeCategory', 'filter': {'eventStatusCodes': ['open', 'upcoming'], 'startTimes': [{'from': 'Dec 26, 2023 10:03:40 AM'}]}}",aa98e9d4-0ed0-491b-a33d-ff77f64e5d8b,IAMUser,2024-01-02T04:31:52Z
NA,NA,health.amazonaws.com,us-east-1,2024-01-02T10:03:37Z,vishal,DescribeEventAggregates,505227143833,"{'filter': {'startTimes': [{'from': 'Dec 26, 2023, 10:03:37 AM'}], 'eventStatusCodes': ['open', 'upcoming']}, 'aggregateField': 'eventTypeCategory'}",bc601a27-5352-4c3b-8f56-5f032a406b8e,IAMUser,2024-01-02T04:31:52Z
NA,NA,health.amazonaws.com,us-east-1,2024-01-02T10:03:40Z,vishal,DescribeEventAggregates,505227143833,"{'filter': {'startTimes': [{'from': 'Dec 26, 2023, 10:03:40 AM'}], 'eventStatusCodes': ['open', 'upcoming']}, 'aggregateField': 'eventTypeCategory'}",aa98e9d4-0ed0-491b-a33d-ff77f64e5d8b,IAMUser,2024-01-02T04:31:52Z
NA,NA,health.amazonaws.com,us-east-1,2024-01-02T10:03:59Z,vishal,DescribeEventAggregates,505227143833,"{'filter': {'startTimes': [{'from': 'Dec 26, 2023, 10:03:59 AM'}], 'eventStatusCodes': ['open', 'upcoming']}, 'aggregateField': 'eventTypeCategory'}",73d63764-c0c7-420a-b0ba-28204a794b7a,IAMUser,2024-01-02T04:31:52Z
NA,NA,health.amazonaws.com,us-east-1,2024-01-02T10:03:59Z,vishal,DescribeEventAggregates,505227143833,"{'aggregateField': 'eventTypeCategory', 'filter': {'eventStatusCodes': ['open', 'upcoming'], 'startTimes': [{'from': 'Dec 26, 2023 10:03:59 AM'}]}}",73d63764-c0c7-420a-b0ba-28204a794b7a,IAMUser,2024-01-02T04:31:52Z
NA,NA,logs.amazonaws.com,us-east-1,2024-01-02T10:04:12Z,vishal,DescribeMetricFilters,505227143833,{'limit': 50},fe614935-6603-477a-bbbf-a860d408718a,IAMUser,2024-01-02T04:31:52Z
NA,NA,logs.amazonaws.com,us-east-1,2024-01-02T10:04:56Z,vishal,DescribeMetricFilters,505227143833,{'limit': 50},a1a41d2a-3bc8-4ed5-9a6c-0accdfe481f9,IAMUser,2024-01-02T04:31:52Z
NA,NA,logs.amazonaws.com,us-east-1,2024-01-02T10:04:56Z,vishal,DescribeMetricFilters,505227143833,{'limit': 50},cb2d2cd1-fc66-4187-b359-aace2cd9e034,IAMUser,2024-01-02T04:31:52Z
NA,NA,lambda.amazonaws.com,us-east-1,2024-01-02T10:05:10Z,vishal,GetFunction20150331v2,505227143833,{'functionName': 'CloudTrail-testing-lambda'},55e511af-9f42-43a0-8d8c-824ad68b77e6,IAMUser,2024-01-02T04:31:52Z
NA,NA,lambda.amazonaws.com,us-east-1,2024-01-02T10:05:09Z,vishal,GetFunction20150331v2,505227143833,"{'functionName': 'CloudTrail-testing-lambda', 'qualifier': '$LATEST'}",f653d738-2eeb-4947-a81e-777db8325886,IAMUser,2024-01-02T04:31:52Z
NA,NA,lambda.amazonaws.com,us-east-1,2024-01-02T10:05:28Z,vishal,UpdateFunctionCode20150331v2,505227143833,"{'fullyQualifiedArn': {'arnPrefix': {'partition': 'aws', 'region': 'us-east-1', 'account': '505227143833'}, 'relativeId': {'functionName': 'CloudTrail-testing-lambda'}, 'functionQualifier': {}}, 'functionName': 'arn:aws:lambda:us-east-1:505227143833:function:CloudTrail-testing-lambda', 'publish': False, 'dryRun': False}",08429084-21d8-4309-b60f-ef8386af98fb,IAMUser,2024-01-02T04:31:52Z
NA,NA,lambda.amazonaws.com,us-east-1,2024-01-02T10:05:10Z,vishal,GetFunction20150331v2,505227143833,{'functionName': 'CloudTrail-testing-lambda'},85efc944-1517-4cdc-b54d-a5c4cd23592f,IAMUser,2024-01-02T04:31:52Z
NA,['AWS::S3::Bucket'],s3.amazonaws.com,us-east-1,2024-01-02T10:05:29Z,NA,GetBucketAcl,NA,"{'bucketName': 'aws-cloudtrail-logs-505227143833-79ef5c19', 'Host': 'aws-cloudtrail-logs-505227143833-79ef5c19.s3.us-east-1.amazonaws.com', 'acl': ''}",DJ9CT8D16Z5M5VA4,AWSService,NA
NA,NA,lambda.amazonaws.com,us-east-1,2024-01-02T10:05:29Z,vishal,GetFunction20150331v2,505227143833,"{'functionName': 'CloudTrail-testing-lambda', 'qualifier': '$LATEST'}",c2f822c1-e088-4881-b73c-88f4a1da13c5,IAMUser,2024-01-02T04:31:52Z
NA,NA,lambda.amazonaws.com,us-east-1,2024-01-02T10:05:30Z,vishal,GetRuntimeManagementConfig,505227143833,{'functionName': 'arn:aws:lambda:us-east-1:505227143833:function:CloudTrail-testing-lambda'},bf083699-62a4-4dcb-b2df-251b49ffd0e3,IAMUser,2024-01-02T04:31:52Z
NA,['AWS::IAM::Role'],sts.amazonaws.com,us-east-1,2024-01-02T10:05:33Z,NA,AssumeRole,NA,"{'roleArn': 'arn:aws:iam::505227143833:role/cloudtrail-lambda-role', 'roleSessionName': 'CloudTrail-testing-lambda'}",55ff98fd-cb7b-4ee5-a4ac-53530ba1f748,AWSService,NA
NA,['AWS::IAM::Role'],sts.amazonaws.com,us-east-1,2024-01-02T10:05:30Z,NA,AssumeRole,NA,"{'roleArn': 'arn:aws:iam::505227143833:role/cloudtrail-lambda-role', 'roleSessionName': 'CloudTrail-testing-lambda'}",b083a7ad-1bd2-4821-a894-86586cd1a7bc,AWSService,NA
NA,['AWS::Logs::LogGroup'],logs.amazonaws.com,us-east-1,2024-01-02T10:05:46Z,vishal,DescribeLogStreams,505227143833,"{'logGroupName': '/aws/lambda/CloudTrail-testing-lambda', 'orderBy': 'LastEventTime', 'descending': True, 'limit': 50, 'filterExpiredLogStreams': True}",7dd9cacd-ec0b-4077-930d-65b795ec64f9,IAMUser,2024-01-02T04:31:52Z
NA,['AWS::Logs::LogGroup'],logs.amazonaws.com,us-east-1,2024-01-02T10:05:47Z,vishal,DescribeLogStreams,505227143833,"{'logGroupName': '/aws/lambda/CloudTrail-testing-lambda', 'orderBy': 'LastEventTime', 'descending': True, 'nextToken': 'Kwfr0bfVKkYk4OrYazFRiRQjd_hnL-H2CVPwxeAZeONaN-fCIlTZhCQvH3pZjf9fyVgyeeon9wgnsJe4a7cmr27UaJ8xuT-p8Lg4ULlP61vOQYllBmG2qNqqVfT7XIwSzPAPa8DrRfyZUhjOiREEBrbt6T6CHyxN4Ls_99ywwEK2nE7yz7iOdZGGxU-9SXDZEgZEb05baaNg1caTFKunnnCP1-EbbjZ8RzZ8oRrAWsjWX56rh7qvf63Kb5Iz1nTIx5ichsX34cUDJ8JubyJXKlW454fB9wZpQOtW2kP-TMfmoVOQ8PgJOYX40V9GgPc-IeS2M2ZPpdhPcPhvQpfgJHKy0JqPHmsQ-oBu2ZImsEGsAKKSOOVSuoahebm86ibZ4yhKhfQE8kz_TztX31WV2YLQKrAj2enjb_FTBkCkufA', 'limit': 50, 'filterExpiredLogStreams': True}",965ff42f-26b1-4370-aaab-709a1e179c42,IAMUser,2024-01-02T04:31:52Z
NA,['AWS::Logs::LogStream'],logs.amazonaws.com,us-east-1,2024-01-02T10:05:48Z,vishal,GetLogEvents,505227143833,"{'logGroupName': '/aws/lambda/CloudTrail-testing-lambda', 'logStreamName': '2024/01/02/[$LATEST]5efc56031ddc48c78fab227b6f15f084', 'startTime': 1704103534383, 'limit': 200, 'startFromHead': True, 'unmask': False}",7c161e85-c173-4f5f-990b-bae800ef08ed,IAMUser,2024-01-02T04:31:52Z
NA,['AWS::Logs::LogStream'],logs.amazonaws.com,us-east-1,2024-01-02T10:05:49Z,vishal,GetLogEvents,505227143833,"{'logGroupName': '/aws/lambda/CloudTrail-testing-lambda', 'logStreamName': '2024/01/02/[$LATEST]5efc56031ddc48c78fab227b6f15f084', 'nextToken': 'b/38004705496575904961650096260553373242142216935302103040/s', 'limit': 200, 'startFromHead': False, 'unmask': False}",65bd2104-484b-4fea-8020-321cc93c93c5,IAMUser,2024-01-02T04:31:52Z
NA,['AWS::Logs::LogStream'],logs.amazonaws.com,us-east-1,2024-01-02T10:05:49Z,vishal,GetLogEvents,505227143833,"{'logGroupName': '/aws/lambda/CloudTrail-testing-lambda', 'logStreamName': '2024/01/02/[$LATEST]5efc56031ddc48c78fab227b6f15f084', 'nextToken': 'f/38004705564871937130089890415867918045585028002600681471/s', 'limit': 200, 'startFromHead': True, 'unmask': False}",083c4b29-efb7-4ee4-ae01-b9b3e3044fa6,IAMUser,2024-01-02T04:31:52Z
NA,['AWS::Logs::LogStream'],logs.amazonaws.com,us-east-1,2024-01-02T10:05:50Z,vishal,GetLogEvents,505227143833,"{'logGroupName': '/aws/lambda/CloudTrail-testing-lambda', 'logStreamName': '2024/01/02/[$LATEST]5efc56031ddc48c78fab227b6f15f084', 'nextToken': 'b/38004698806352345400402914584199903504000776410998243328', 'limit': 200, 'startFromHead': False, 'unmask': False}",022c4627-610d-4761-8229-8599a697e22e,IAMUser,2024-01-02T04:31:52Z
NA,NA,iam.amazonaws.com,us-east-1,2024-01-02T10:06:05Z,NA,ListAccessKeys,505227143833,,968a5146-c2c3-473c-852d-57b967d3f32f,Root,2024-01-02T05:57:18Z
NA,NA,iam.amazonaws.com,us-east-1,2024-01-02T10:06:07Z,NA,GetAccountSummary,505227143833,,15f883bc-3b2d-4a16-ba04-29fbe3cfd78b,Root,2024-01-02T05:57:18Z
NA,NA,iam.amazonaws.com,us-east-1,2024-01-02T10:06:07Z,NA,ListInstanceProfilesForRole,505227143833,{'roleName': 'Cost_Explorer_Lambda_Role'},a1598f5a-b7f0-4007-b18f-e4477900bce9,Root,2024-01-02T05:57:18Z
NA,NA,organizations.amazonaws.com,us-east-1,2024-01-02T10:06:06Z,NA,DescribeOrganization,505227143833,,7994b663-6a6f-431d-be27-221c5770c643,Root,2024-01-02T05:57:18Z
NA,NA,iam.amazonaws.com,us-east-1,2024-01-02T10:06:07Z,NA,GetRole,505227143833,{'roleName': 'Cost_Explorer_Lambda_Role'},90f493c8-b9bf-4962-bb5c-84ea3dd63d02,Root,2024-01-02T05:57:18Z
NA,NA,iam.amazonaws.com,us-east-1,2024-01-02T10:06:07Z,NA,ListAccountAliases,505227143833,,a2e88896-58e3-49e2-a359-e08b1ad1c1fa,Root,2024-01-02T05:57:18Z
NA,NA,iam.amazonaws.com,us-east-1,2024-01-02T10:06:08Z,NA,GetAccountSummary,505227143833,,24125533-fb15-4cf5-ab90-188cf5d03d26,Root,2024-01-02T05:57:18Z
NA,NA,iam.amazonaws.com,us-east-1,2024-01-02T10:06:05Z,NA,GetAccountSummary,505227143833,,17569ee0-4f3e-4dbd-9173-4d97c7a7c69c,Root,2024-01-02T05:57:18Z
NA,NA,iam.amazonaws.com,us-east-1,2024-01-02T10:06:09Z,NA,GetAccountSummary,505227143833,,a074549a-79db-49de-8f04-540a50439a4b,Root,2024-01-02T05:57:18Z
NA,NA,iam.amazonaws.com,us-east-1,2024-01-02T10:06:09Z,NA,ListPolicies,505227143833,"{'onlyAttached': False, 'maxItems': 1000}",0c452130-6bbe-4ddf-afc1-903f03c898ac,Root,2024-01-02T05:57:18Z
NA,NA,iam.amazonaws.com,us-east-1,2024-01-02T10:06:09Z,NA,GetRolePolicy,505227143833,"{'roleName': 'Cost_Explorer_Lambda_Role', 'policyName': 'Cost_Explorer_Policy'}",ebae8c0c-a346-4aa3-82f1-20f28506b525,Root,2024-01-02T05:57:18Z
NA,NA,iam.amazonaws.com,us-east-1,2024-01-02T10:06:09Z,NA,ListRolePolicies,505227143833,{'roleName': 'Cost_Explorer_Lambda_Role'},0b949b70-42cc-4f85-bcf9-edcaa68fc1c9,Root,2024-01-02T05:57:18Z
NA,NA,iam.amazonaws.com,us-east-1,2024-01-02T10:06:07Z,NA,GetAccountSummary,505227143833,,a190c475-9cdf-4131-832e-73adef8e190f,Root,2024-01-02T05:57:18Z
NA,['AWS::Logs::LogGroup'],logs.amazonaws.com,us-east-1,2024-01-02T10:05:46Z,vishal,DescribeLogStreams,505227143833,"{'logGroupName': '/aws/lambda/CloudTrail-testing-lambda', 'orderBy': 'LastEventTime', 'descending': True, 'limit': 50, 'filterExpiredLogStreams': True}",691f3bc2-502b-4739-8c13-fdc09dcac9ff,IAMUser,2024-01-02T04:31:52Z
NA,['AWS::Logs::LogGroup'],logs.amazonaws.com,us-east-1,2024-01-02T10:05:47Z,vishal,DescribeLogStreams,505227143833,"{'logGroupName': '/aws/lambda/CloudTrail-testing-lambda', 'orderBy': 'LastEventTime', 'descending': True, 'nextToken': 'Kwfr0bfVKkYk4OrYazFRiRQjd_hnL-H2CVPwxeAZeONaN-fCIlTZhCQvH3pZjf9fyVgyeeon9wgnsJe4a7cmr27UaJ8xuT-p8Lg4ULlP61vOQYllBmG2qNqqVfT7XIwSzPAPa8DrRfyZUhjOiREEBrbt6T6CHyxN4Ls_99ywwEK2nE7yz7iOdZGGxU-9SXDZEgZEb05baaNg1caTFKunnnCP1-EbbjZ8RzZ8oRrAWsjWX56rh7qvf63Kb5Iz1nTIx5ichsX34cUDJ8JubyJXKlW454fB9wZpQOtW2kP-TMfmoVOQ8PgJOYX40V9GgPc-IeS2M2ZPpdhPcPhvQpfgJHKy0JqPHmsQ-oBu2ZImsEGsAKKSOOVSuoahebm86ibZ4yhKhfQE8kz_TztX31WV2YLQKrAj2enjb_FTBkCkufA', 'limit': 50, 'filterExpiredLogStreams': True}",105c2bc6-cdca-46c0-a0f1-75c3e59b0f4f,IAMUser,2024-01-02T04:31:52Z
NA,['AWS::Logs::LogStream'],logs.amazonaws.com,us-east-1,2024-01-02T10:05:49Z,vishal,GetLogEvents,505227143833,"{'logGroupName': '/aws/lambda/CloudTrail-testing-lambda', 'logStreamName': '2024/01/02/[$LATEST]5efc56031ddc48c78fab227b6f15f084', 'nextToken': 'f/38004705564860786759550864331654939740158808167371636755/s', 'limit': 200, 'startFromHead': True, 'unmask': False}",51b86a4e-af7f-4c7e-9e9f-8c6f4a1ffa2d,IAMUser,2024-01-02T04:31:52Z
NA,['AWS::Logs::LogStream'],logs.amazonaws.com,us-east-1,2024-01-02T10:05:49Z,vishal,GetLogEvents,505227143833,"{'logGroupName': '/aws/lambda/CloudTrail-testing-lambda', 'logStreamName': '2024/01/02/[$LATEST]5efc56031ddc48c78fab227b6f15f084', 'nextToken': 'b/38004698806352345400402914584199903504000776410998243328/s', 'limit': 200, 'startFromHead': False, 'unmask': False}",e62d6576-9466-426c-9669-a1ca41ce9c78,IAMUser,2024-01-02T04:31:52Z
NA,NA,iam.amazonaws.com,us-east-1,2024-01-02T10:06:10Z,NA,ListPolicies,505227143833,"{'onlyAttached': False, 'marker': 'ACbO3TBVod3ZBfuYcMahbDneAXePeg8RPPZsSKS86CQHCwcxNa2PI1H53s7+xTAIt4kBbmAo/xIAXy7KQLgLIWXTsUoSmf5PpvjrZ1DwcmYbdQ==', 'maxItems': 1000}",e6b6e540-52d2-46e4-8152-13437f111bb3,Root,2024-01-02T05:57:18Z
NA,NA,iam.amazonaws.com,us-east-1,2024-01-02T10:06:12Z,NA,GetPolicy,505227143833,{'policyArn': 'arn:aws:iam::505227143833:policy/service-role/Amazon-EventBridge-Scheduler-Execution-Policy-72f04529-d203-464b-9af8-c8b303a570b5'},68077021-514f-4771-85e2-0bfb7d63aee0,Root,2024-01-02T05:57:18Z
NA,NA,iam.amazonaws.com,us-east-1,2024-01-02T10:06:12Z,NA,GetPolicy,505227143833,{'policyArn': 'arn:aws:iam::505227143833:policy/service-role/Amazon-EventBridge-Scheduler-Execution-Policy-e887f941-8b59-4b7f-beca-71f1e4c8fbb6'},68077021-514f-4771-85e2-0bfb7d63aee0,Root,2024-01-02T05:57:18Z
NA,NA,iam.amazonaws.com,us-east-1,2024-01-02T10:06:12Z,NA,GetPolicy,505227143833,{'policyArn': 'arn:aws:iam::505227143833:policy/service-role/AmazonRedshift-CommandsAccessPolicy-20231211T113412'},68077021-514f-4771-85e2-0bfb7d63aee0,Root,2024-01-02T05:57:18Z
NA,NA,iam.amazonaws.com,us-east-1,2024-01-02T10:06:12Z,NA,GetPolicy,505227143833,{'policyArn': 'arn:aws:iam::505227143833:policy/service-role/AmazonSageMaker-ExecutionPolicy-20231224T130222'},68077021-514f-4771-85e2-0bfb7d63aee0,Root,2024-01-02T05:57:18Z
NA,NA,iam.amazonaws.com,us-east-1,2024-01-02T10:06:12Z,NA,GetPolicy,505227143833,{'policyArn': 'arn:aws:iam::505227143833:policy/service-role/AWSAthenaSparkRolePolicy-zky4rh6j'},68077021-514f-4771-85e2-0bfb7d63aee0,Root,2024-01-02T05:57:18Z
NA,NA,iam.amazonaws.com,us-east-1,2024-01-02T10:06:12Z,NA,GetPolicy,505227143833,{'policyArn': 'arn:aws:iam::505227143833:policy/service-role/AWSCodePipelineServiceRole-ap-northeast-2-file11'},68077021-514f-4771-85e2-0bfb7d63aee0,Root,2024-01-02T05:57:18Z
NA,NA,iam.amazonaws.com,us-east-1,2024-01-02T10:06:12Z,NA,GetPolicy,505227143833,{'policyArn': 'arn:aws:iam::505227143833:policy/service-role/AWSCodePipelineServiceRole-ap-northeast-2-one-test'},68077021-514f-4771-85e2-0bfb7d63aee0,Root,2024-01-02T05:57:18Z
NA,NA,iam.amazonaws.com,us-east-1,2024-01-02T10:06:12Z,NA,GetPolicy,505227143833,{'policyArn': 'arn:aws:iam::505227143833:policy/service-role/AWSCodePipelineServiceRole-ap-northeast-2-settingpipeline'},68077021-514f-4771-85e2-0bfb7d63aee0,Root,2024-01-02T05:57:18Z
NA,NA,iam.amazonaws.com,us-east-1,2024-01-02T10:06:12Z,NA,GetPolicy,505227143833,{'policyArn': 'arn:aws:iam::505227143833:policy/service-role/AWSCodePipelineServiceRole-ap-northeast-2-shreya-test'},68077021-514f-4771-85e2-0bfb7d63aee0,Root,2024-01-02T05:57:18Z
NA,NA,iam.amazonaws.com,us-east-1,2024-01-02T10:06:12Z,NA,GetPolicy,505227143833,{'policyArn': 'arn:aws:iam::505227143833:policy/service-role/AWSCodePipelineServiceRole-ap-northeast-2-test-codepipeline'},68077021-514f-4771-85e2-0bfb7d63aee0,Root,2024-01-02T05:57:18Z
NA,NA,iam.amazonaws.com,us-east-1,2024-01-02T10:06:12Z,NA,GetPolicy,505227143833,{'policyArn': 'arn:aws:iam::505227143833:policy/service-role/AWSCodePipelineServiceRole-ap-northeast-2-test-codepipeline-demo'},68077021-514f-4771-85e2-0bfb7d63aee0,Root,2024-01-02T05:57:18Z
NA,NA,iam.amazonaws.com,us-east-1,2024-01-02T10:06:12Z,NA,GetPolicy,505227143833,{'policyArn': 'arn:aws:iam::505227143833:policy/service-role/AWSCodePipelineServiceRole-ap-northeast-2-URVASHI-TEST'},68077021-514f-4771-85e2-0bfb7d63aee0,Root,2024-01-02T05:57:18Z
NA,NA,iam.amazonaws.com,us-east-1,2024-01-02T10:06:12Z,NA,GetPolicy,505227143833,{'policyArn': 'arn:aws:iam::505227143833:policy/service-role/AWSCodePipelineServiceRole-ap-south-1-stest-codepipeline'},68077021-514f-4771-85e2-0bfb7d63aee0,Root,2024-01-02T05:57:18Z
NA,NA,iam.amazonaws.com,us-east-1,2024-01-02T10:06:12Z,NA,GetPolicy,505227143833,{'policyArn': 'arn:aws:iam::505227143833:policy/service-role/AWSLambdaBasicExecutionRole-2132acfb-c9e5-43d7-b74b-adbbd82f6319'},68077021-514f-4771-85e2-0bfb7d63aee0,Root,2024-01-02T05:57:18Z
NA,NA,iam.amazonaws.com,us-east-1,2024-01-02T10:06:12Z,NA,GetPolicy,505227143833,{'policyArn': 'arn:aws:iam::505227143833:policy/service-role/AWSLambdaBasicExecutionRole-263fe4b3-b9e1-44ce-a792-301a82c90fee'},68077021-514f-4771-85e2-0bfb7d63aee0,Root,2024-01-02T05:57:18Z
NA,NA,iam.amazonaws.com,us-east-1,2024-01-02T10:06:12Z,NA,GetPolicy,505227143833,{'policyArn': 'arn:aws:iam::505227143833:policy/service-role/AWSLambdaBasicExecutionRole-274e0250-bea1-436d-beff-78ee6de93d48'},68077021-514f-4771-85e2-0bfb7d63aee0,Root,2024-01-02T05:57:18Z
NA,NA,iam.amazonaws.com,us-east-1,2024-01-02T10:06:12Z,NA,GetPolicy,505227143833,{'policyArn': 'arn:aws:iam::505227143833:policy/service-role/AWSLambdaBasicExecutionRole-2a84de5a-81a6-4bad-a910-78654a4ef799'},68077021-514f-4771-85e2-0bfb7d63aee0,Root,2024-01-02T05:57:18Z
NA,NA,iam.amazonaws.com,us-east-1,2024-01-02T10:06:12Z,NA,GetPolicy,505227143833,{'policyArn': 'arn:aws:iam::505227143833:policy/service-role/AWSLambdaBasicExecutionRole-4592d201-3ce7-45af-b691-92614a2a3ad3'},68077021-514f-4771-85e2-0bfb7d63aee0,Root,2024-01-02T05:57:18Z
NA,NA,iam.amazonaws.com,us-east-1,2024-01-02T10:06:12Z,NA,GetPolicy,505227143833,{'policyArn': 'arn:aws:iam::505227143833:policy/service-role/AWSLambdaBasicExecutionRole-83f2a25c-2104-401e-8880-0f45e14f50b4'},68077021-514f-4771-85e2-0bfb7d63aee0,Root,2024-01-02T05:57:18Z
NA,NA,iam.amazonaws.com,us-east-1,2024-01-02T10:06:12Z,NA,GetPolicy,505227143833,{'policyArn': 'arn:aws:iam::505227143833:policy/service-role/AWSLambdaBasicExecutionRole-ec027f05-062f-4e77-8229-ded4d475e538'},68077021-514f-4771-85e2-0bfb7d63aee0,Root,2024-01-02T05:57:18Z
NA,NA,iam.amazonaws.com,us-east-1,2024-01-02T10:06:12Z,NA,GetPolicy,505227143833,{'policyArn': 'arn:aws:iam::505227143833:policy/service-role/AWSLambdaS3ExecutionRole-8f37cb8f-a570-4aba-b38e-2c7f411e4b8a'},68077021-514f-4771-85e2-0bfb7d63aee0,Root,2024-01-02T05:57:18Z
NA,NA,iam.amazonaws.com,us-east-1,2024-01-02T10:06:12Z,NA,GetPolicy,505227143833,{'policyArn': 'arn:aws:iam::505227143833:policy/service-role/CloudTrailPolicyForCloudWatchLogs_dce8bdde-e54e-4962-82cf-4bff5112672e'},68077021-514f-4771-85e2-0bfb7d63aee0,Root,2024-01-02T05:57:18Z
NA,NA,iam.amazonaws.com,us-east-1,2024-01-02T10:06:12Z,NA,GetPolicy,505227143833,{'policyArn': 'arn:aws:iam::505227143833:policy/rds-proxy-policy-1701690052324'},68077021-514f-4771-85e2-0bfb7d63aee0,Root,2024-01-02T05:57:18Z
NA,NA,iam.amazonaws.com,us-east-1,2024-01-02T10:06:12Z,NA,GetPolicy,505227143833,{'policyArn': 'arn:aws:iam::505227143833:policy/rds-proxy-policy-1701690479738'},68077021-514f-4771-85e2-0bfb7d63aee0,Root,2024-01-02T05:57:18Z
NA,NA,iam.amazonaws.com,us-east-1,2024-01-02T10:06:12Z,NA,GetPolicy,505227143833,{'policyArn': 'arn:aws:iam::505227143833:policy/S3policy'},68077021-514f-4771-85e2-0bfb7d63aee0,Root,2024-01-02T05:57:18Z
NA,NA,iam.amazonaws.com,us-east-1,2024-01-02T10:06:12Z,NA,GetPolicy,505227143833,{'policyArn': 'arn:aws:iam::505227143833:policy/shreyaapis3'},68077021-514f-4771-85e2-0bfb7d63aee0,Root,2024-01-02T05:57:18Z
NA,NA,iam.amazonaws.com,us-east-1,2024-01-02T10:06:12Z,NA,GetPolicy,505227143833,{'policyArn': 'arn:aws:iam::505227143833:policy/shreyabucketpolicy'},68077021-514f-4771-85e2-0bfb7d63aee0,Root,2024-01-02T05:57:18Z
NA,NA,iam.amazonaws.com,us-east-1,2024-01-02T10:06:12Z,NA,GetPolicy,505227143833,{'policyArn': 'arn:aws:iam::505227143833:policy/service-role/start-pipeline-execution-ap-northeast-2-file11'},68077021-514f-4771-85e2-0bfb7d63aee0,Root,2024-01-02T05:57:18Z
NA,NA,iam.amazonaws.com,us-east-1,2024-01-02T10:06:12Z,NA,GetPolicy,505227143833,{'policyArn': 'arn:aws:iam::505227143833:policy/service-role/start-pipeline-execution-ap-northeast-2-one-test'},68077021-514f-4771-85e2-0bfb7d63aee0,Root,2024-01-02T05:57:18Z
NA,NA,iam.amazonaws.com,us-east-1,2024-01-02T10:06:12Z,NA,GetPolicy,505227143833,{'policyArn': 'arn:aws:iam::505227143833:policy/service-role/start-pipeline-execution-ap-northeast-2-settingpipeline'},68077021-514f-4771-85e2-0bfb7d63aee0,Root,2024-01-02T05:57:18Z
NA,NA,iam.amazonaws.com,us-east-1,2024-01-02T10:06:12Z,NA,GetPolicy,505227143833,{'policyArn': 'arn:aws:iam::505227143833:policy/service-role/start-pipeline-execution-ap-northeast-2-shreya-test'},68077021-514f-4771-85e2-0bfb7d63aee0,Root,2024-01-02T05:57:18Z
NA,NA,iam.amazonaws.com,us-east-1,2024-01-02T10:06:12Z,NA,GetPolicy,505227143833,{'policyArn': 'arn:aws:iam::505227143833:policy/service-role/start-pipeline-execution-ap-northeast-2-test-codepipeline'},68077021-514f-4771-85e2-0bfb7d63aee0,Root,2024-01-02T05:57:18Z
NA,NA,iam.amazonaws.com,us-east-1,2024-01-02T10:06:12Z,NA,GetPolicy,505227143833,{'policyArn': 'arn:aws:iam::505227143833:policy/service-role/start-pipeline-execution-ap-northeast-2-test-codepipeline-demo'},68077021-514f-4771-85e2-0bfb7d63aee0,Root,2024-01-02T05:57:18Z
NA,NA,iam.amazonaws.com,us-east-1,2024-01-02T10:06:12Z,NA,GetPolicy,505227143833,{'policyArn': 'arn:aws:iam::505227143833:policy/service-role/start-pipeline-execution-ap-northeast-2-URVASHI-TEST'},68077021-514f-4771-85e2-0bfb7d63aee0,Root,2024-01-02T05:57:18Z
NA,NA,iam.amazonaws.com,us-east-1,2024-01-02T10:06:12Z,NA,GetPolicy,505227143833,{'policyArn': 'arn:aws:iam::505227143833:policy/service-role/start-pipeline-execution-ap-south-1-stest-codepipeline'},68077021-514f-4771-85e2-0bfb7d63aee0,Root,2024-01-02T05:57:18Z
NA,NA,iam.amazonaws.com,us-east-1,2024-01-02T10:06:11Z,NA,ListPolicies,505227143833,"{'scope': 'AWS', 'onlyAttached': False, 'pathPrefix': '/'}",f05739c6-51c1-4b98-82e6-60879a4de773,Root,2024-01-02T05:57:18Z
NA,NA,organizations.amazonaws.com,us-east-1,2024-01-02T10:06:09Z,NA,DescribeOrganization,505227143833,,ec1fbbf9-6b5d-47a9-b4c2-e93e4d6f2cf6,Root,2024-01-02T05:57:18Z
NA,NA,iam.amazonaws.com,us-east-1,2024-01-02T10:06:23Z,NA,ListUsers,505227143833,{'maxItems': 1000},645693fd-ff75-4bad-b623-f139f718082d,Root,2024-01-02T05:57:18Z
NA,NA,iam.amazonaws.com,us-east-1,2024-01-02T10:06:23Z,NA,GetLoginProfile,505227143833,{'userName': 'pankaj'},4cf6405d-1e09-490a-a480-28e01067fd4b,Root,2024-01-02T05:57:18Z
NA,NA,iam.amazonaws.com,us-east-1,2024-01-02T10:06:23Z,NA,GetLoginProfile,505227143833,{'userName': 'pravin'},4cf6405d-1e09-490a-a480-28e01067fd4b,Root,2024-01-02T05:57:18Z
NA,NA,iam.amazonaws.com,us-east-1,2024-01-02T10:06:23Z,NA,GetLoginProfile,505227143833,{'userName': 'Shreya'},4cf6405d-1e09-490a-a480-28e01067fd4b,Root,2024-01-02T05:57:18Z
NA,NA,iam.amazonaws.com,us-east-1,2024-01-02T10:06:23Z,NA,GetLoginProfile,505227143833,{'userName': 'sumesh'},4cf6405d-1e09-490a-a480-28e01067fd4b,Root,2024-01-02T05:57:18Z
NA,NA,iam.amazonaws.com,us-east-1,2024-01-02T10:06:23Z,NA,GetLoginProfile,505227143833,{'userName': 'vishal'},4cf6405d-1e09-490a-a480-28e01067fd4b,Root,2024-01-02T05:57:18Z
NA,NA,iam.amazonaws.com,us-east-1,2024-01-02T10:06:23Z,NA,GetAccountSummary,505227143833,,33986487-4331-4c4b-a705-8e6d56116121,Root,2024-01-02T05:57:18Z
NA,NA,health.amazonaws.com,us-east-1,2024-01-02T10:06:08Z,NA,DescribeEventAggregates,505227143833,"{'aggregateField': 'eventTypeCategory', 'filter': {'eventStatusCodes': ['open', 'upcoming'], 'startTimes': [{'from': 'Dec 26, 2023 10:06:08 AM'}]}}",431aa871-1928-4e7d-b296-a1b511a8df9a,Root,2024-01-02T05:57:18Z
NA,NA,health.amazonaws.com,us-east-1,2024-01-02T10:06:09Z,NA,DescribeEventAggregates,505227143833,"{'aggregateField': 'eventTypeCategory', 'filter': {'eventStatusCodes': ['open', 'upcoming'], 'startTimes': [{'from': 'Dec 26, 2023 10:06:09 AM'}]}}",6f64e545-d5ca-4807-94ec-066ac9eafd0e,Root,2024-01-02T05:57:18Z
NA,NA,iam.amazonaws.com,us-east-1,2024-01-02T10:06:25Z,NA,ListGroupsForUser,505227143833,{'userName': 'pankaj'},e8467b21-44d4-4fdf-b88b-04072f838ece,Root,2024-01-02T05:57:18Z
NA,NA,iam.amazonaws.com,us-east-1,2024-01-02T10:06:25Z,NA,ListGroupsForUser,505227143833,{'userName': 'pravin'},e8467b21-44d4-4fdf-b88b-04072f838ece,Root,2024-01-02T05:57:18Z
NA,NA,iam.amazonaws.com,us-east-1,2024-01-02T10:06:25Z,NA,ListGroupsForUser,505227143833,{'userName': 'Shreya'},e8467b21-44d4-4fdf-b88b-04072f838ece,Root,2024-01-02T05:57:18Z
NA,NA,iam.amazonaws.com,us-east-1,2024-01-02T10:06:25Z,NA,ListGroupsForUser,505227143833,{'userName': 'sumesh'},e8467b21-44d4-4fdf-b88b-04072f838ece,Root,2024-01-02T05:57:18Z
NA,NA,iam.amazonaws.com,us-east-1,2024-01-02T10:06:25Z,NA,ListGroupsForUser,505227143833,{'userName': 'vishal'},e8467b21-44d4-4fdf-b88b-04072f838ece,Root,2024-01-02T05:57:18Z
NA,NA,health.amazonaws.com,us-east-1,2024-01-02T10:06:09Z,NA,DescribeEventAggregates,505227143833,"{'filter': {'startTimes': [{'from': 'Dec 26, 2023, 10:06:09 AM'}], 'eventStatusCodes': ['open', 'upcoming']}, 'aggregateField': 'eventTypeCategory'}",6f64e545-d5ca-4807-94ec-066ac9eafd0e,Root,2024-01-02T05:57:18Z
NA,NA,iam.amazonaws.com,us-east-1,2024-01-02T10:06:23Z,NA,GetAccountSummary,505227143833,,2a525e25-aa6f-4146-b34f-1b5de92d4bd1,Root,2024-01-02T05:57:18Z
NA,NA,lambda.amazonaws.com,us-east-1,2024-01-02T10:06:09Z,vishal,UpdateFunctionCode20150331v2,505227143833,"{'fullyQualifiedArn': {'arnPrefix': {'partition': 'aws', 'region': 'us-east-1', 'account': '505227143833'}, 'relativeId': {'functionName': 'CloudTrail-testing-lambda'}, 'functionQualifier': {}}, 'functionName': 'arn:aws:lambda:us-east-1:505227143833:function:CloudTrail-testing-lambda', 'publish': False, 'dryRun': False}",731890bc-0b26-4b35-9899-c1e8ccc915e7,IAMUser,2024-01-02T04:31:52Z
NA,NA,lambda.amazonaws.com,us-east-1,2024-01-02T10:06:10Z,vishal,GetRuntimeManagementConfig,505227143833,{'functionName': 'arn:aws:lambda:us-east-1:505227143833:function:CloudTrail-testing-lambda'},a994db73-9b09-4c92-96c6-de1cae887471,IAMUser,2024-01-02T04:31:52Z
NA,NA,notifications.amazonaws.com,us-east-1,2024-01-02T10:06:10Z,NA,ListNotificationHubs,505227143833,,180414c2-9755-4328-9f6d-d8f3f70ac9b5,Root,2024-01-02T05:57:18Z
NA,NA,iam.amazonaws.com,us-east-1,2024-01-02T10:06:27Z,NA,GetAccessKeyLastUsed,505227143833,{'accessKeyId': 'AKIAXLIPCNKM4YY7GVJX'},dab6fa53-0b07-4fb8-8fe3-468577fb698b,Root,2024-01-02T05:57:18Z
NA,NA,iam.amazonaws.com,us-east-1,2024-01-02T10:06:27Z,NA,GetAccessKeyLastUsed,505227143833,{'accessKeyId': 'AKIAXLIPCNKM7QGH6NHE'},dab6fa53-0b07-4fb8-8fe3-468577fb698b,Root,2024-01-02T05:57:18Z
NA,NA,iam.amazonaws.com,us-east-1,2024-01-02T10:06:27Z,NA,GetAccessKeyLastUsed,505227143833,{'accessKeyId': 'AKIAXLIPCNKM7LJRZZ6Y'},dab6fa53-0b07-4fb8-8fe3-468577fb698b,Root,2024-01-02T05:57:18Z
NA,NA,iam.amazonaws.com,us-east-1,2024-01-02T10:06:26Z,NA,ListAccessKeys,505227143833,{'userName': 'pankaj'},97ff026f-28f8-416a-8045-587666ff6669,Root,2024-01-02T05:57:18Z
NA,NA,iam.amazonaws.com,us-east-1,2024-01-02T10:06:26Z,NA,ListAccessKeys,505227143833,{'userName': 'pravin'},97ff026f-28f8-416a-8045-587666ff6669,Root,2024-01-02T05:57:18Z
NA,NA,iam.amazonaws.com,us-east-1,2024-01-02T10:06:26Z,NA,ListAccessKeys,505227143833,{'userName': 'Shreya'},97ff026f-28f8-416a-8045-587666ff6669,Root,2024-01-02T05:57:18Z
NA,NA,iam.amazonaws.com,us-east-1,2024-01-02T10:06:26Z,NA,ListAccessKeys,505227143833,{'userName': 'sumesh'},97ff026f-28f8-416a-8045-587666ff6669,Root,2024-01-02T05:57:18Z
NA,NA,iam.amazonaws.com,us-east-1,2024-01-02T10:06:26Z,NA,ListAccessKeys,505227143833,{'userName': 'vishal'},97ff026f-28f8-416a-8045-587666ff6669,Root,2024-01-02T05:57:18Z
NA,NA,lambda.amazonaws.com,us-east-1,2024-01-02T10:06:09Z,vishal,GetFunction20150331v2,505227143833,"{'functionName': 'CloudTrail-testing-lambda', 'qualifier': '$LATEST'}",e179e80a-9d9a-4855-904f-bc874a1e4be9,IAMUser,2024-01-02T04:31:52Z
NA,NA,lambda.amazonaws.com,us-east-1,2024-01-02T10:06:11Z,vishal,GetFunction20150331v2,505227143833,{'functionName': 'CloudTrail-testing-lambda'},215dce7c-2831-4a0e-9d18-7b81769cd4b4,IAMUser,2024-01-02T04:31:52Z
NA,NA,health.amazonaws.com,us-east-1,2024-01-02T10:06:08Z,NA,DescribeEventAggregates,505227143833,"{'filter': {'startTimes': [{'from': 'Dec 26, 2023, 10:06:08 AM'}], 'eventStatusCodes': ['open', 'upcoming']}, 'aggregateField': 'eventTypeCategory'}",431aa871-1928-4e7d-b296-a1b511a8df9a,Root,2024-01-02T05:57:18Z
NA,NA,lambda.amazonaws.com,us-east-1,2024-01-02T10:06:10Z,vishal,GetFunction20150331v2,505227143833,{'functionName': 'CloudTrail-testing-lambda'},bf151d85-3f81-4bfb-ae91-5d03c440f8ea,IAMUser,2024-01-02T04:31:52Z
NA,NA,lambda.amazonaws.com,us-east-1,2024-01-02T10:06:21Z,vishal,UpdateFunctionCode20150331v2,505227143833,"{'fullyQualifiedArn': {'arnPrefix': {'partition': 'aws', 'region': 'us-east-1', 'account': '505227143833'}, 'relativeId': {'functionName': 'CloudTrail-testing-lambda'}, 'functionQualifier': {}}, 'functionName': 'arn:aws:lambda:us-east-1:505227143833:function:CloudTrail-testing-lambda', 'publish': False, 'dryRun': False}",9144a789-250c-4595-8a1b-d34c9d806c52,IAMUser,2024-01-02T04:31:52Z
NA,NA,health.amazonaws.com,us-east-1,2024-01-02T10:06:24Z,NA,DescribeEventAggregates,505227143833,"{'filter': {'startTimes': [{'from': 'Dec 26, 2023, 10:06:24 AM'}], 'eventStatusCodes': ['open', 'upcoming']}, 'aggregateField': 'eventTypeCategory'}",8fb320c2-ed06-400c-8e08-cf7af98b16c2,Root,2024-01-02T05:57:18Z
NA,NA,lambda.amazonaws.com,us-east-1,2024-01-02T10:06:23Z,vishal,GetFunction20150331v2,505227143833,{'functionName': 'CloudTrail-testing-lambda'},23305522-ba15-4260-a936-4b7d437af143,IAMUser,2024-01-02T04:31:52Z
NA,NA,logs.amazonaws.com,us-east-1,2024-01-02T10:06:32Z,NA,CreateLogStream,505227143833,"{'logGroupName': '/aws/lambda/CloudTrail-testing-lambda', 'logStreamName': '2024/01/02/[$LATEST]c4817cd0946441e19335fd9d53d94cf8'}",7b2b5c84-e9e2-480f-85b7-fd171f64d7b9,AssumedRole,2024-01-02T10:00:46Z
NA,NA,health.amazonaws.com,us-east-1,2024-01-02T10:06:24Z,NA,DescribeEventAggregates,505227143833,"{'aggregateField': 'eventTypeCategory', 'filter': {'eventStatusCodes': ['open', 'upcoming'], 'startTimes': [{'from': 'Dec 26, 2023 10:06:24 AM'}]}}",8fb320c2-ed06-400c-8e08-cf7af98b16c2,Root,2024-01-02T05:57:18Z
